{"0": 10.972175435350042, "1": 0.6789312949069618, "2": 0.6789312949069618, "3": 0.16973282372674045, "4": 0.16973282372674045, "5": 0.16973282372674045, "6": 0.024247546246677208, "7": 0.09699018498670883, "8": 0.19398036997341767, "9": 0.2667230087134493, "10": 2.0469238221117685, "11": 1.998428729618414, "12": 0.9214067573737339, "13": 0.21822791622009488, "14": 1.7559532671516418, "15": 0.4122082861935125, "16": 2.0226762758650914, "17": 1.7559532671516418, "18": 3.778629543016733, "19": 0.43645583244018976, "20": 0.2667230087134493, "21": 0.4122082861935125, "22": 0.38796073994683533, "23": 0, "24": 0.3152181012068037, "25": 0.43645583244018976, "26": 0.19398036997341767, "27": 2.0954189146051228, "28": 0.4122082861935125, "29": 0.29097055496012647, "30": 4.215085375456923, "31": 0.21822791622009488, "32": 0.07274263874003162, "33": 0.2424754624667721, "34": 3.6331442655366697, "35": 0.07274263874003162, "36": 1.9499336371250595, "37": 0.29097055496012647, "38": 0.6546837486602847, "39": 0.4122082861935125, "40": 0.38796073994683533, "41": 2.1196664608518, "42": 0.16973282372674045, "43": 0.7759214798936707, "44": 0.2667230087134493, "45": 7.339031169813371, "46": 4.215085375456923, "47": 0.4122082861935125, "48": 0.21822791622009488, "49": 4.724283846637144, "50": 0.38796073994683533, "51": 1.877190998385028, "52": 0.19398036997341767, "53": 1.7074581746582875, "54": 0.4849509249335442, "55": 5.364849986441635, "56": 7.193545892333308, "57": 0.43645583244018976, "58": 0.3394656474534809, "59": 0.14548527748006324}