{"0": 1.0183969423604426, "1": 0.6789312949069618, "2": 0.6789312949069618, "3": 0.16973282372674045, "4": 0.16973282372674045, "5": 0.16973282372674045, "6": 0.024247546246677208, "7": 0.09699018498670883, "8": 0.19398036997341767, "9": 0.2667230087134493, "10": 0.38796073994683533, "11": 0.3394656474534809, "12": 0.9214067573737339, "13": 0.21822791622009488, "14": 0.09699018498670883, "15": 0.4122082861935125, "16": 0.36371319370015814, "17": 0.09699018498670883, "18": 0.46070337868686695, "19": 0.43645583244018976, "20": 0.2667230087134493, "21": 0.4122082861935125, "22": 0.38796073994683533, "23": 0, "24": 0.3152181012068037, "25": 0.43645583244018976, "26": 0.19398036997341767, "27": 0.43645583244018976, "28": 0.4122082861935125, "29": 0.29097055496012647, "30": 0.8971592111270567, "31": 0.21822791622009488, "32": 0.07274263874003162, "33": 0.2424754624667721, "34": 0.3152181012068037, "35": 0.07274263874003162, "36": 0.29097055496012647, "37": 0.29097055496012647, "38": 0.6546837486602847, "39": 0.4122082861935125, "40": 0.38796073994683533, "41": 0.46070337868686695, "42": 0.16973282372674045, "43": 0.7759214798936707, "44": 0.2667230087134493, "45": 0.703178841153639, "46": 0.8971592111270567, "47": 0.4122082861935125, "48": 0.21822791622009488, "49": 1.406357682307278, "50": 0.38796073994683533, "51": 0.21822791622009488, "52": 0.19398036997341767, "53": 0.048495092493354416, "54": 0.4849509249335442, "55": 0.38796073994683533, "56": 0.5576935636735758, "57": 0.43645583244018976, "58": 0.3394656474534809, "59": 0.14548527748006324}