{"0": 9.9537784929896, "1": 0, "2": 0, "3": 0, "4": 0, "5": 0, "6": 0, "7": 0, "8": 0, "9": 0, "10": 1.658963082164933, "11": 1.658963082164933, "12": 0, "13": 0, "14": 1.658963082164933, "15": 0, "16": 1.658963082164933, "17": 1.658963082164933, "18": 3.317926164329866, "19": 0, "20": 0, "21": 0, "22": 0, "23": 0, "24": 0, "25": 0, "26": 0, "27": 1.658963082164933, "28": 0, "29": 0, "30": 3.317926164329866, "31": 0, "32": 0, "33": 0, "34": 3.317926164329866, "35": 0, "36": 1.658963082164933, "37": 0, "38": 0, "39": 0, "40": 0, "41": 1.658963082164933, "42": 0, "43": 0, "44": 0, "45": 6.635852328659732, "46": 3.317926164329866, "47": 0, "48": 0, "49": 3.317926164329866, "50": 0, "51": 1.658963082164933, "52": 0, "53": 1.658963082164933, "54": 0, "55": 4.9768892464948, "56": 6.635852328659732, "57": 0, "58": 0, "59": 0}